{"_timestamp":1.7748990576767604e+09,"_runtime":937.9526822,"_step":287,"episode/loss":0.9902590394020081,"_wandb":{"runtime":937},"episode/score":-125,"episode/reward_sum":-10.3}